strat_unit;color_hex
"?dr";"#ffdeed"
"?g";"#ffdeed"
"?gr";"#ffdeed"
"?gs";"#dbccf7"
"?mc";"#dbccf7"
"?ml";"#dbccf7"
"?mm";"#dbccf7"
"?og";"#ffdeed"
"?qd";"#ffdeed"
"?qm";"#ffdeed"
"?to";"#ffdeed"
"CCCTHvm";"#8091ad"
"CJBRm";"#caa7d1"
"CJBRsv";"#caa7d1"
"CJBRus";"#caa7d1"
"CKSC";"#9fa6a3"
"CmA";"#e77c72"
"CmAlm";"#e77c72"
"CmAqz";"#e77c72"
"CmAs";"#e77c72"
"CmCD";"#a07c78"
"Cmcg";"#e8ae97"
"CmDBI";"#ab7d00"
"CmDEB";"#ccd891"
"CmDEBlm";"#ccd891"
"CmDEBmc";"#ccd891"
"CmDEBqz";"#ccd891"
"CmDLB";"#80b5d5"
"CmDLI";"#80b5d5"
"CmDLJ";"#80b5d5"
"CmDLL";"#80b5d5"
"CmDlm";"#e8ae97"
"CmDLT";"#80b5d5"
"CmGL";"#e8ae97"
"CmGlm";"#ab7d00"
"CmGs";"#ab7d00"
"CmGsc";"#ab7d00"
"CmGsf";"#ab7d00"
"CmL";"#e77c72"
"Cmlm";"#e8ae97"
"CmMB";"#80b5d5"
"CmMRE";"#5282ce"
"CmMsf";"#999791"
"CmN";"#e8ae97"
"CmOHt";"#ff8cb5"
"CmOK";"#d4bfcc"
"CmOKlc";"#d4bfcc"
"CmOKlm";"#d4bfcc"
"CmOlc";"#e8ae97"
"CmOM";"#e8ae97"
"CmOms";"#d4bfcc"
"CmORz";"#80b5d5"
"CmOs";"#e8ae97"
"Cmqz";"#e8ae97"
"Cms";"#e8ae97"
"Cmsf";"#e8ae97"
"Cmst";"#e8ae97"
"CPA";"#99bdda"
"CPAS";"#80cec9"
"CPCgs";"#8a2be2"
"CPch";"#99d8d8"
"CPCsf.m";"#dcabaa"
"CPCus";"#dcabaa"
"CPdr";"#d487b5"
"CPF";"#80cec9"
"CPFLsv";"#c4cccf"
"CPFUvb";"#c4cccf"
"CPH";"#99bdda"
"CPKa";"#99d8d8"
"CPKi";"#80cec9"
"CPKo";"#b587fa"
"CPlc";"#99d8d8"
"CPlm";"#db5700"
"CPm";"#b587fa"
"CPMR";"#99bdda"
"CPMRum";"#a800b0"
"CPog";"#d487b5"
"CPSE";"#99bdda"
"CPSF";"#99d8d8"
"CPSFK";"#99d8d8"
"CPSlm";"#99bdda"
"CPSNlm";"#99bdda"
"CPSNva";"#99bdda"
"CPus";"#a800b0"
"CScg";"#99bdda"
"CSlm";"#99bdda"
"CSsc";"#99bdda"
"CSt";"#99d8d8"
"CSvc";"#99bdda"
"CSvf";"#99bdda"
"CTrBRbs";"#caa7d1"
"CTrCC";"#9fa6a3"
"CTrKcg";"#9fa6a3"
"CTrKsf";"#9fa6a3"
"Czfp";"#ffc2bf"
"Czgr";"#ffc2bf"
"DCBH";"#e9c7e2"
"DCEBFvd";"#ccd891"
"DCEBSKvf";"#ccd891"
"DCEBSst";"#ccd891"
"DCog";"#ebadc4"
"DCQLgr";"#ebadc4"
"DCqm";"#ebadc4"
"DCSv.pl";"#99bdda"
"Ddo";"#80cec9"
"DEBD";"#ccd891"
"DEBdr";"#ffc2bf"
"DEBog";"#ffc2bf"
"DEBpg";"#ccd891"
"DEBSk";"#ccd891"
"DEBus";"#a800b0"
"DEBW";"#ccd891"
"DETpg";"#dbccf7"
"DFSA";"#cbbddc"
"di";"#ffdeed"
"DIsy";"#ffc2bf"
"DJCv";"#e6a6ff"
"DJgd";"#ffc2bf"
"DJgs";"#99d7be"
"DJsf";"#99d7be"
"Dlc";"#80cec9"
"DlPSsf";"#99bdda"
"DlPSsl";"#99bdda"
"DlPSsv";"#99bdda"
"DlPSv";"#99bdda"
"DMBE";"#8fc4d4"
"DMBmd";"#8fc4d4"
"DMBsf";"#8fc4d4"
"DMCcg1";"#cbbddc"
"DMCcg2";"#ffc2bf"
"DMcg";"#dbccf7"
"DMch";"#67b39f"
"DMCmb";"#ffc2bf"
"DMCmc";"#cbbddc"
"DMCmr";"#ffc2bf"
"DMCms";"#e9c7e2"
"DMEA";"#999791"
"DMEBF";"#ccd891"
"DMEBR";"#ccd891"
"DMEcg";"#999791"
"DMEG";"#999791"
"DMEmd";"#999791"
"DMEmv";"#ffdeed"
"DMEsf";"#999791"
"DMF";"#e9c7e2"
"DMQ";"#ebadc4"
"DMR";"#ebadc4"
"DMSPd";"#ebadc4"
"DMSPgd";"#ffc2bf"
"DMSsv";"#99bdda"
"DMSv";"#99bdda"
"DMWgs";"#b587fa"
"DMWml";"#b587fa"
"DMWpg";"#b587fa"
"DMWus";"#a800b0"
"Dog";"#ffc2bf"
"DPAgs";"#b3e3ee"
"DPAls";"#b3e3ee"
"DPAs";"#b3e3ee"
"DPAsf";"#b3e3ee"
"DPBa";"#67b39f"
"DPBC";"#689fca"
"DPBCG";"#689fca"
"DPC";"#689fca"
"DPFL";"#c4cccf"
"DPHlm";"#99bdda"
"DPHRs";"#99bdda"
"DPHsf";"#99bdda"
"DPK";"#80cec9"
"DPRdr";"#ebadc4"
"DPRgd";"#ebadc4"
"DPRum";"#a800b0"
"DPSlm";"#99bdda"
"DPSM";"#c4cccf"
"DPSMUec";"#d4b8ff"
"DPSMUgb";"#ebadc4"
"DPSMUum";"#a800b0"
"DPSs";"#99bdda"
"DPSsl";"#99bdda"
"DPSsv";"#99bdda"
"DPv";"#67b39f"
"Ds";"#80cec9"
"DSlm";"#99bdda"
"DSm";"#99bdda"
"DSmy";"#99bdda"
"DSsf";"#99bdda"
"DSv";"#99bdda"
"DSvb";"#99bdda"
"Dsy";"#ffc2bf"
"DTrBR";"#dbccf7"
"DTrBRgs";"#dbccf7"
"DTrBRlm";"#dbccf7"
"DTrBRvb";"#dbccf7"
"DTrHlm";"#99bdda"
"DTrHNsv";"#99bdda"
"DTrHsf";"#99bdda"
"DTrHvb";"#99bdda"
"DTrT";"#dbccf7"
"DTrTma";"#dbccf7"
"Dvb";"#689fca"
"EAdqmz";"#ff9c94"
"EBB";"#ffc2bf"
"EBdmz";"#ff9c94"
"EBfp";"#ffc2bf"
"EBgd";"#ffc2bf"
"EBo";"#ffc2bf"
"EBqd";"#ffc2bf"
"ECg";"#ebadc4"
"ECgd";"#ffc2bf"
"ECH";"#ffc2bf"
"ECsy";"#ffc2bf"
"EDdr";"#ffc2bf"
"EDgd";"#ffc2bf"
"Edi";"#ffc2bf"
"EDOCPmp";"#ffc2bf"
"EDqd";"#ffc2bf"
"Edr";"#ffc2bf"
"EEBvb";"#ffb300"
"EEG";"#ffb300"
"EEOvb";"#ffb300"
"EEv";"#ffb300"
"EEva";"#ffb300"
"EEvb";"#ffb300"
"EEvb.tfa";"#ffb300"
"EEvf";"#ffb300"
"EEvl";"#ffb300"
"EFLgd";"#ffc2bf"
"EFLmi";"#ffc2bf"
"Efp";"#ffc2bf"
"Eg";"#db5700"
"Egb";"#ffc2bf"
"Egd";"#ffc2bf"
"Egmz";"#db5700"
"EGo";"#ffc2bf"
"Egr";"#ffc2bf"
"Ei";"#ffc2bf"
"EJAC";"#ff8a63"
"EJAIgd";"#ff8a63"
"EJAIqm";"#ff8a63"
"EJBdb.po";"#94ffb0"
"EJBdmz";"#ff4591"
"EJBgd";"#ff4591"
"EJBLdb";"#94ffb0"
"EJCGog";"#e6a6ff"
"EJCM";"#ff8a63"
"EJCo";"#ff8a63"
"Ejdg";"#ff4591"
"EJdg";"#ff4591"
"EJdr";"#ff8a63"
"EJE";"#ff8a63"
"EJETLm";"#e6a6ff"
"EJF";"#ff8a63"
"EJfp";"#ff8a63"
"EJg";"#ff4591"
"EJgb";"#ff8a63"
"EJgd";"#ff8a63"
"EJGdmz";"#ff4591"
"EJGdr";"#ff8a63"
"EJgg";"#ff4591"
"EJgr";"#ff8a63"
"EJHCsy";"#ff8a63"
"EJHD";"#ff8a63"
"EJHdg";"#ff8a63"
"EJHgb";"#ff8a63"
"EJHgd";"#ff8a63"
"EJHhy";"#ff8cb5"
"EJHMRdmz";"#ff4591"
"EJHqd";"#ff8a63"
"EJHqm";"#ff8a63"
"EJi";"#ff8a63"
"EJKdr";"#c74000"
"EJMCdqmz";"#ff4591"
"EJMLM";"#ff4591"
"EJmu";"#ff9126"
"EJmz";"#ff8a63"
"EJOdqmz";"#ff4591"
"EJog";"#e6a6ff"
"EJog_my";"#e6a6ff"
"EJPiTCdd";"#ff4591"
"EJPiTCdmz";"#ff4591"
"EJPiTCdq";"#ff4591"
"EJPiTCg";"#ff4591"
"EJPiTCgd";"#ff4591"
"EJPiTChf";"#ff4591"
"EJPiTCLdd";"#ff4591"
"EJPiTCLdmz";"#ff4591"
"EJPiTCLgd";"#ff4591"
"EJPiTCLgmz";"#ff4591"
"EJPiTCLhf";"#ff4591"
"EJPiTCSdd";"#ff4591"
"EJPiTCSLgd";"#ff4591"
"EJPo";"#ed63fa"
"EJPUdr";"#e68362"
"EJPUdr.s";"#e68362"
"EJPUmu";"#ed63fa"
"EJPUum";"#ed63fa"
"EJpx";"#ff8a63"
"EJqd";"#ff8a63"
"EJqm";"#ff8a63"
"EJRdmz.xhb";"#ff4591"
"EJRo";"#ff8a63"
"EJRRsy";"#ff8a63"
"EJRRsy.l";"#ff8a63"
"EJSK";"#ff8a63"
"EJSPfp";"#ff8a63"
"EJSPgd";"#ff8a63"
"EJSPgr";"#ff8a63"
"EJSPqm";"#ff8a63"
"EJSRgg";"#ff4591"
"EJsy";"#ff8a63"
"EJTAfp";"#ff8a63"
"EJTASgd";"#fa8072"
"EJTAWgd";"#ff611f"
"EJTCdd";"#ff4591"
"EJTCdg";"#ff8a63"
"EJTCdq";"#ff4591"
"EJTCds";"#ff4591"
"EJTCgd";"#ff4591"
"EJTCgg";"#ff4591"
"EJTCgt";"#ff4591"
"EJTChf";"#ff4591"
"EJTCLdd";"#ff4591"
"EJTCLgd";"#ff4591"
"EJTCLgmz";"#ff4591"
"EJTCLgt";"#ff4591"
"EJTCLhf";"#ff4591"
"EJTCLtr";"#ff4591"
"EJTCS";"#ff8a63"
"EJTCSdd";"#ff4591"
"EJTCSdmz";"#ff4591"
"EJTHgd";"#ff8a63"
"EJTLqd";"#fa8072"
"EJTPds";"#ff4591"
"EJTpfp";"#ff9126"
"EJTpgd";"#ff4591"
"EJTpN";"#ff8a63"
"EJum";"#ed63fa"
"EJZ";"#ff8a63"
"EKaC";"#ffb300"
"EKACCs";"#feebac"
"EKAdi";"#ff611f"
"EKAg";"#ff611f"
"EKAHCs";"#feebac"
"EKAs";"#feebac"
"EKAsf";"#feebac"
"EKATsf";"#feebac"
"EKav";"#ffb300"
"EKAv";"#ffb300"
"EKAva";"#ffb300"
"EKBgr";"#ffa6b4"
"EKBRgd";"#ffa6b4"
"EKBRqd";"#ffa6b4"
"EKC";"#ff611f"
"EKCd";"#ff611f"
"EKCgb";"#ff611f"
"EKCgd";"#ff611f"
"EKCogn";"#ff611f"
"EKCqd";"#ff611f"
"EKCqm";"#ff611f"
"EKCt";"#ff611f"
"EKdqmz";"#ff9c94"
"EKdr";"#ff611f"
"EKEnH";"#ff611f"
"EKFgd";"#ff8cb5"
"EKfp";"#ff611f"
"EKg";"#ff611f"
"EKgb";"#ff611f"
"EKgd";"#ff611f"
"EKGm";"#ff611f"
"EKgr";"#ff611f"
"EKH";"#ff611f"
"EKHM";"#ff611f"
"EKi";"#d18200"
"EKK";"#ff611f"
"EKLBdr";"#ffa6b4"
"EKMAqd";"#ff611f"
"EKMd";"#ff611f"
"EKMdi";"#ff611f"
"EKMdr";"#ff611f"
"EKMgb";"#ff611f"
"EKMgd";"#ff611f"
"EKMgr";"#ff611f"
"EKMmp";"#b3df7f"
"EKMqd";"#ff611f"
"EKMqm";"#ff611f"
"EKMtr";"#ff611f"
"EKog";"#e6a6ff"
"EKPdr";"#ff611f"
"EKqd";"#ff611f"
"EKqm";"#ff611f"
"EKqp";"#ff611f"
"EKSCto";"#ff611f"
"EKTLmi";"#e6a6ff"
"EKTLog";"#e6a6ff"
"EKto";"#ff611f"
"Elhg";"#ff9c94"
"ELKCgt";"#ff611f"
"ELKCt";"#ff611f"
"EMEv";"#ffb300"
"EMgr";"#ebadc4"
"EMH";"#ffc2bf"
"EMiE";"#ffb300"
"EMJdr";"#ff8a63"
"EMJHTgg";"#ff4591"
"EMJI";"#ff9c94"
"EMJIag";"#ff8a63"
"EMJIdr";"#ff9c94"
"EMJIdr-fp";"#ff9c94"
"EMJIdr-gd";"#ff9c94"
"EMJIdr-p";"#ff9c94"
"EMJIdr-qm";"#ff9c94"
"EMJIfp";"#ff8a63"
"EMJIg";"#ff8a63"
"EMJIgb";"#ff9c94"
"EMJIgb-gd";"#ff9c94"
"EMJIgb-qd";"#ff9c94"
"EMJIgd";"#ff9c94"
"EMJIgd-fp";"#ff9c94"
"EMJIgd-gr";"#ff9c94"
"EMJIgd-qp";"#ff9c94"
"EMJIgd-to";"#ff9c94"
"EMJIpo";"#ff9c94"
"EMJIqd";"#ff9c94"
"EMJIqd-fp";"#ff9c94"
"EMJIqd-gd";"#ff9c94"
"EMJIqd-gr";"#ff9c94"
"EMJIqd-qp";"#ff9c94"
"EMJIqd-to";"#ff9c94"
"EMJIqmd-gd";"#ff9c94"
"EMJIqp";"#ff8a63"
"EMJSPd";"#ff4591"
"EMJSPdb";"#ff8a63"
"EMJSPgd";"#ff8a63"
"EMJTLms";"#da70d6"
"EMJTLmv";"#da70d6"
"EMMgd";"#db5700"
"EMPgd";"#ff9c94"
"EMR";"#ebadc4"
"EMRgd";"#ffc2bf"
"EMto";"#ebadc4"
"ENg";"#ffc2bf"
"ENgd";"#ffc2bf"
"ENqm";"#ffc2bf"
"EO";"#eaad43"
"EOH";"#eaad43"
"EOlC";"#d18200"
"EOlCMv";"#ffb300"
"EOlCMva";"#ffb300"
"EOlCMvd";"#ffb300"
"EOldb";"#ffc2bf"
"EOlEs";"#eaad43"
"EOlEv";"#ffb300"
"EOlK";"#ffc2bf"
"EOlM";"#ffc2bf"
"EOLNva";"#ffb300"
"EOLpo";"#ffc2bf"
"EOls";"#ffe880"
"EOlS";"#d18200"
"EOlT";"#ffc2bf"
"Eolv";"#ffb300"
"Eolvc";"#ffb300"
"EOLvf";"#ffb300"
"EOLvr";"#ffb300"
"EON";"#ffb300"
"EONcg";"#eaad43"
"EONva";"#ffb300"
"EONvb";"#ffb300"
"EONvl";"#ffb300"
"EOva";"#eaad43"
"EOvc";"#ffb300"
"EOvd";"#ffb300"
"EOvf";"#eaad43"
"EPeK";"#feebac"
"EPeM";"#ffb300"
"EPeMK";"#ffb300"
"EPes";"#feebac"
"EPev";"#ffb300"
"EPgb";"#d4b8ff"
"EPgd";"#ff9c94"
"EPnC";"#d487b5"
"EPogn";"#d4b8ff"
"EPr";"#feebac"
"EPra";"#feebac"
"EPrb";"#ffb300"
"EPrBG";"#9c7afc"
"EPrG";"#ffb300"
"EPRgb";"#d4b8ff"
"EPRgd";"#d4b8ff"
"EPRgr";"#d4b8ff"
"EPrM";"#ffb300"
"EProg";"#ffb300"
"EPrpg";"#9c7afc"
"EPrT";"#ffb300"
"EPRto";"#d4b8ff"
"EPrY";"#ffb300"
"EQ";"#ffc2bf"
"Eqm";"#ffc2bf"
"Eqp";"#ffc2bf"
"Er";"#ffc2bf"
"Es";"#8fbc8b"
"Esc";"#db5700"
"EScg";"#feebac"
"ESdmz";"#ff9c94"
"ESR";"#ffc2bf"
"ESv";"#feebac"
"ESva";"#feebac"
"ESvb";"#feebac"
"ESvc";"#feebac"
"ESvf";"#feebac"
"ESvl";"#feebac"
"ETg";"#ffc2bf"
"ETgd";"#ff9c94"
"ETgr";"#ffc2bf"
"ETLELog";"#da70d6"
"Eto";"#ffc2bf"
"ETqd";"#ff9c94"
"ETqm";"#ff9c94"
"ETS";"#ffc2bf"
"ETSBE";"#ffc2bf"
"ETTs";"#ffc2bf"
"ETz";"#d18200"
"Eum";"#ed63fa"
"Ev";"#ffb300"
"Eva";"#ffb300"
"Evd";"#ffb300"
"Evf";"#ffb300"
"Evr";"#db5700"
"HoB";"#ffff00"
"Hovb";"#ffe880"
"HoWGvb";"#ffff00"
"JBvf";"#94ffb0"
"Jdr";"#c74000"
"JENdb";"#ff4591"
"JFe";"#85b000"
"JFesf";"#85b000"
"JFgr";"#ff8cb5"
"Jg";"#ff4591"
"Jgd";"#c74000"
"Jgg";"#ff4591"
"JHN/Ssc.ds";"#95cbb8"
"JHNsf.pt";"#95cbb8"
"JHSHvb.tfa";"#95cbb8"
"JHSss.pt";"#95cbb8"
"JKBdqmz";"#ff4591"
"JKCe";"#cfde00"
"JKcg";"#50b47d"
"JKCL";"#db5700"
"JKCs";"#85b000"
"JKCsc";"#85b000"
"JKCsf";"#85b000"
"JKdq";"#ff4591"
"JKdr";"#db5700"
"JKg";"#db5700"
"JKgd";"#db5700"
"JKGml";"#e6a6ff"
"JKGms";"#e6a6ff"
"JKGmv";"#e6a6ff"
"JKgs";"#e6a6ff"
"JKGs";"#e6a6ff"
"JKK";"#85b000"
"JKL";"#e6a6ff"
"JKLS";"#7fad51"
"JKM";"#db5700"
"JKRMTMs";"#ccebc5"
"JKsf";"#cfde00"
"JKto";"#db5700"
"JNCgg";"#ff4591"
"JPig";"#ff4591"
"Jqd";"#c74000"
"Jqm";"#c74000"
"JSLO";"#ff8cb5"
"Jsy";"#c74000"
"JTqd";"#db5700"
"JTqp";"#db5700"
"Jvc";"#b3b25e"
"KAP";"#ff611f"
"KAS";"#ff611f"
"KB";"#ff611f"
"Kca";"#eaad43"
"Kdr";"#ff611f"
"KEv";"#b3b25e"
"KF";"#e8f9ae"
"KFB";"#fff7e6"
"KFBS";"#ebfac5"
"KFC";"#ebfac5"
"KFG";"#fff7e6"
"KFGa";"#ebfac5"
"KFGHB";"#ebfac5"
"KFGt";"#fff7e6"
"KFHa";"#ebfac5"
"KFHu";"#ebfac5"
"KFL";"#ebfac5"
"KFM";"#ebfac5"
"Kfp";"#ffc2bf"
"KFS";"#fff7e6"
"KFSh";"#ebfac5"
"KFSi";"#fff7e6"
"KFSsf";"#ebfac5"
"KFSu";"#ebfac5"
"Kg";"#ff611f"
"Kgd";"#ff611f"
"Kgr";"#ff611f"
"KGWgd";"#ff611f"
"KJ";"#b3df7f"
"KNa";"#ff611f"
"KNgg";"#db5700"
"Kog";"#e6a6ff"
"KOL";"#ff611f"
"KP";"#e8f9ae"
"KPes";"#fff0d1"
"KPesc";"#fff0d1"
"KPV";"#e8f9ae"
"KPW";"#e8f9ae"
"KQ";"#ebdcbe"
"Kqd";"#ff611f"
"Kqm";"#ff611f"
"Ks";"#b3df7f"
"KSBPss";"#fff7e6"
"KSo";"#d18200"
"KSRBss";"#ebdcbe"
"KSsv";"#def197"
"KSTCss";"#fff7e6"
"Ksy";"#ff611f"
"KTCBCs";"#7ae000"
"KTcg";"#7fc31c"
"KTCs";"#7ae000"
"KTCu";"#e6a6ff"
"KTgd";"#ff9c94"
"KTgr";"#ff9c94"
"KTi";"#ff9c94"
"KTmm";"#e6a6ff"
"KTqd";"#ff9c94"
"KTqm";"#ff9c94"
"KTqp";"#ff9c94"
"KTS";"#fff0d1"
"KTSh";"#e6a6ff"
"KTSl";"#e6a6ff"
"KTsv";"#def197"
"KTsy";"#ff9c94"
"KTU";"#fff0d1"
"Ktva";"#def197"
"KTvc";"#def197"
"KTW";"#ff9c94"
"Kvb";"#cfde00"
"KVZ";"#b3df7f"
"KW";"#ff611f"
"KWh";"#ff611f"
"KWpe";"#ff611f"
"lCmAB";"#e77c72"
"lCmAK";"#e77c72"
"lCmAQ";"#e77c72"
"lCmAR";"#e77c72"
"lCmB";"#ab7d00"
"lCmD";"#e77c72"
"lCmEBJ";"#ccd891"
"lCmEBlc";"#ccd891"
"lCmEBlm";"#ccd891"
"lCmEBsf";"#ccd891"
"lCmEBva";"#ccd891"
"lCmG";"#ab7d00"
"lCmGlc";"#ab7d00"
"lCmGlm";"#ab7d00"
"lCmGMa";"#ab7d00"
"lCmGMc";"#ab7d00"
"lCmGMu";"#ab7d00"
"lCmGqz";"#ab7d00"
"lCmH";"#ab7d00"
"lCmlm";"#ab7d00"
"lCmM";"#ab7d00"
"lCmqz";"#ab7d00"
"lCmvk";"#ab7d00"
"LDBSHog";"#ffc2bf"
"LDEMMdd";"#3c968c"
"LDEMMdq";"#ffc2bf"
"LDEMSdd";"#3c968c"
"LDEMSg";"#3c968c"
"LDFdr";"#ffc2bf"
"LDFg";"#ffc2bf"
"LDJCg";"#ff4591"
"lDlm";"#d4bfcc"
"lDlMBSgb";"#d9307a"
"lDlMBSus";"#a800b0"
"LDLMgd";"#db5700"
"LDMcdr";"#ffc2bf"
"LDMcg";"#ffc2bf"
"LDMcgd";"#ffc2bf"
"LDMcqm";"#ffc2bf"
"lDMW";"#e9c7e2"
"LDR";"#00bdc7"
"LDSa";"#ffc2bf"
"lDuTrvc";"#67b39f"
"lJB";"#94ffb0"
"LJBd";"#ff4591"
"LJBgd";"#ff4591"
"lJBHCsn";"#95cbb8"
"lJBHCvm";"#94ffb0"
"lJBHCvs";"#94ffb0"
"lJBHsf";"#95cbb8"
"lJBHst";"#95cbb8"
"lJBLs";"#95cbb8"
"lJBLvb.px";"#94ffb0"
"lJBLvf";"#94ffb0"
"lJBLvf-vm.bm";"#94ffb0"
"lJBLvm";"#94ffb0"
"lJBLvm.p";"#94ffb0"
"lJBLvm.vc";"#94ffb0"
"lJBLvm.x";"#94ffb0"
"lJBLvs";"#94ffb0"
"lJBNvb.tx";"#ddc288"
"lJBPCsf";"#95cbb8"
"LJBqd";"#ff4591"
"LJBqm";"#ff4591"
"LJBt";"#ff4591"
"lJC";"#50b47d"
"lJCcg";"#50b47d"
"lJCCRCsf";"#d8bfd8"
"lJCs";"#50b47d"
"LJCto";"#ff6347"
"lJCvc";"#50b47d"
"LJdr";"#ff4591"
"lJEDog";"#ffdeed"
"LJEKPto";"#ff611f"
"LJEnS";"#ff8cb5"
"LJFC";"#ff4591"
"LJFCL";"#ff4591"
"LJFE";"#ff4591"
"LJFF";"#ff4591"
"LJFG";"#ff8cb5"
"LJFN";"#ff4591"
"LJFT";"#ff8cb5"
"LJgd";"#ff4591"
"lJHB";"#95cbb8"
"lJHBCva";"#95cbb8"
"lJHBCvbm";"#95cbb8"
"lJHBCvd";"#95cbb8"
"lJHBCvd.f";"#95cbb8"
"lJHBCvpy";"#95cbb8"
"lJHBCvr";"#95cbb8"
"lJHBCvs";"#95cbb8"
"lJHCa";"#95cbb8"
"lJHCvb.evs";"#95cbb8"
"lJHCvr";"#95cbb8"
"lJHCvs";"#95cbb8"
"lJHEP";"#95cbb8"
"lJHEva";"#95cbb8"
"lJHEvr";"#95cbb8"
"lJHGCvb";"#95cbb8"
"lJHGvr.pi";"#95cbb8"
"lJHJs";"#95cbb8"
"lJHJsc";"#95cbb8"
"lJHJscb";"#95cbb8"
"lJHJsf";"#95cbb8"
"lJHJss";"#95cbb8"
"lJHJva";"#95cbb8"
"lJHL";"#50b47d"
"lJHNAvf";"#95cbb8"
"lJHNEsc";"#95cbb8"
"lJHNEsf";"#95cbb8"
"lJHNEsv";"#95cbb8"
"lJHNEvc";"#95cbb8"
"lJHNEvf";"#95cbb8"
"lJHNIs";"#95cbb8"
"lJHNIst";"#95cbb8"
"lJHNIva";"#95cbb8"
"LJHPto";"#ff4591"
"lJHsc";"#95cbb8"
"lJHSRsf";"#95cbb8"
"lJHSs";"#95cbb8"
"lJHSsf";"#95cbb8"
"lJHSsl";"#95cbb8"
"lJHSss";"#95cbb8"
"lJHSst";"#95cbb8"
"lJHsv";"#95cbb8"
"lJHT";"#95cbb8"
"lJHTca";"#95cbb8"
"lJHTv";"#95cbb8"
"lJHTva";"#95cbb8"
"lJHTvb";"#95cbb8"
"lJHTvd";"#95cbb8"
"lJHTvf";"#95cbb8"
"lJHU";"#95cbb8"
"lJHva";"#95cbb8"
"lJHvl";"#95cbb8"
"lJHvr";"#95cbb8"
"LJKdr";"#db5700"
"LJKgb";"#db5700"
"LJKgd";"#db5700"
"LJKgr";"#db5700"
"LJKog";"#e6a6ff"
"LJKP";"#db5700"
"LJKqd";"#db5700"
"LJKqm";"#db5700"
"LJKto";"#db5700"
"lJKv";"#95cbb8"
"lJKvb";"#95cbb8"
"lJL";"#9fc6a3"
"LJLagr";"#ff4591"
"LJLaqd";"#ff4591"
"LJLaqm";"#ff4591"
"lJLIcg";"#9fc6a3"
"lJLIlm";"#9fc6a3"
"lJLIsf";"#9fc6a3"
"lJLIst";"#9fc6a3"
"LJLKTLog";"#e6a6ff"
"lJLTcg";"#9fc6a3"
"lJLTls";"#9fc6a3"
"lJLTsf";"#9fc6a3"
"lJLTst";"#9fc6a3"
"lJLTva";"#9fc6a3"
"lJLvi.vcf";"#94ffb0"
"lJMa";"#9fc6a3"
"LJMTgd";"#ff4591"
"LJqd";"#ff4591"
"lJR";"#50b47d"
"lJRA";"#50b47d"
"lJRE";"#50b47d"
"lJRH";"#50b47d"
"lJs";"#50b47d"
"lJst";"#b3b25e"
"LJto";"#ff4591"
"lJToAvc";"#50b47d"
"lJToMc";"#50b47d"
"lJToMva";"#50b47d"
"lJToS";"#50b47d"
"lJTw";"#50b47d"
"LKAMqd";"#ff6347"
"LKAMqp";"#ffc2bf"
"lKBDCst";"#ebdcbe"
"LKBdr";"#ff9c94"
"LKBfp";"#ff9c94"
"LKBg";"#ff9c94"
"LKBgd";"#ff611f"
"LKBPdqmz";"#ff9c94"
"LKBqd";"#ff9c94"
"LKBqm";"#ff9c94"
"LKBqp";"#ff9c94"
"lKBuC";"#fff7e6"
"lKBuCG";"#fff7e6"
"lKBuGe";"#fff7e6"
"LKCa";"#ff9c94"
"LKCAgd";"#ff9c94"
"lKCcg";"#ebdcbe"
"lKCDsn";"#7ae000"
"lKcg";"#b3df7f"
"LKCL";"#ff9c94"
"lKCsn";"#ccebc5"
"LKCT";"#ff9c94"
"LKdi";"#ff9c94"
"LKdr";"#db5700"
"LKEd";"#ff611f"
"LKEdr";"#e9967a"
"LKEfp";"#fa8072"
"LKEgd";"#ff9c94"
"LKEnFLgd";"#ff9c94"
"LKEnFLqm";"#ff611f"
"LKEngr";"#ff9c94"
"LKEnP";"#ff9c94"
"LKEnqp";"#ff9c94"
"LKEqd";"#ff9c94"
"LKEqm";"#ff611f"
"LKEqp";"#ffc2bf"
"LKEt";"#ff9c94"
"LKgb";"#ff9c94"
"lKGca";"#cfde00"
"lKGcg";"#cfde00"
"LKgd";"#db5700"
"LKGlgr";"#ff9c94"
"lKGM";"#cfde00"
"lKGP";"#cfde00"
"LKgr";"#db5700"
"lKGs";"#cfde00"
"lKGS";"#cfde00"
"lKGsv";"#cfde00"
"lKGva";"#cfde00"
"LKH";"#ff9c94"
"LKi";"#ff9c94"
"lKJ";"#b3df7f"
"LKJ";"#ff9c94"
"lKJMcg";"#b3df7f"
"lKJMLs";"#b3df7f"
"lKJMs";"#b3df7f"
"lKJMsv";"#b3df7f"
"lKJs";"#b3df7f"
"LKKP";"#ff9c94"
"lKLs";"#ebdcbe"
"lKMcg";"#ffd96e"
"lKMs";"#8fbc8b"
"lKMsf";"#00bdc7"
"lKMv";"#cfde00"
"lKMvs";"#feebac"
"LKNHqp";"#ffa6b4"
"lKOca";"#cfde00"
"LKog";"#e6a6ff"
"LKPeBgd";"#ffb89d"
"LKPedr";"#ff9c94"
"LKPegb";"#ff9c94"
"LKPegd";"#ff9c94"
"LKPeqd";"#ff9c94"
"LKPeQgd";"#ff9c94"
"LKPeQqd";"#ff9c94"
"LKPto";"#ff611f"
"LKqd";"#ff9c94"
"lKQHI";"#ebdcbe"
"lKQL";"#ebdcbe"
"LKqm";"#ff9c94"
"LKqp";"#ff611f"
"lKRMPRsf";"#ccebc5"
"lKS";"#b3df7f"
"lKSB";"#d6ff5c"
"lKSBca";"#d6ff5c"
"lKSBCss";"#ebdcbe"
"lKSBP";"#d6ff5c"
"lKSBPca";"#d6ff5c"
"lKSBPva";"#d6ff5c"
"lKSBSva";"#d6ff5c"
"lKSca";"#d6ff5c"
"lKSKC";"#b3df7f"
"LKSL";"#ff9c94"
"lKSN";"#b3df7f"
"lKSRs";"#b3df7f"
"lKSRv";"#b3df7f"
"lKSRvf";"#b3df7f"
"lKSRvk";"#b3df7f"
"lKSRvr";"#def197"
"lKSs";"#ebdcbe"
"lKSsc";"#b3df7f"
"lKSsf";"#b3df7f"
"LKt";"#db5700"
"lKTBC";"#b3df7f"
"lKTCca";"#7ae000"
"lKTCDs";"#7ae000"
"lKTCEPs";"#7ae000"
"lKTCFRvs";"#7ae000"
"lKTCLs";"#7ae000"
"lKTCPs";"#7ae000"
"lKTCTCvs";"#7ae000"
"LKTDfp";"#ff9c94"
"LKTg";"#ff9c94"
"LKTgd";"#ff9c94"
"LKTLOto";"#ff4591"
"LKto";"#ff9c94"
"LKTpg";"#ff9c94"
"LKTqm";"#ff9c94"
"lKTRca";"#feebac"
"lKTRs";"#feebac"
"LKTSfp";"#ff9c94"
"LKWfp";"#ff9c94"
"LKWqd";"#ff9c94"
"lmCmsc";"#e8ae97"
"lmJA";"#50b47d"
"lmJAs";"#50b47d"
"lmJBRsf.ds";"#ddc288"
"lmJBsc";"#ddc288"
"lmJBss";"#ddc288"
"lmJBv";"#ddc288"
"lmJBv.tpo";"#ddc288"
"lmJBwst";"#00bdc7"
"lmJCvsm";"#e6a6ff"
"lmJDMs";"#a8bcdb"
"lmJDMsf";"#a8bcdb"
"lmJH";"#95cbb8"
"lmJHcg";"#95cbb8"
"lmJHCv";"#95cbb8"
"lmJHD";"#95cbb8"
"lmJHEs";"#95cbb8"
"lmJHEvf";"#95cbb8"
"lmJHIsf";"#95cbb8"
"lmJHmv";"#95cbb8"
"lmJHMv";"#95cbb8"
"lmJHMvb.evs";"#95cbb8"
"lmJHMvr";"#95cbb8"
"lmJHsf";"#95cbb8"
"lmJHSH";"#95cbb8"
"lmJHSHcg";"#95cbb8"
"lmJHSHvb";"#95cbb8"
"lmJHSHvc";"#95cbb8"
"lmJHSs";"#95cbb8"
"lmJHSsc";"#95cbb8"
"lmJHSsf";"#95cbb8"
"lmJHSsf.dca";"#95cbb8"
"lmJHSsf.ds";"#95cbb8"
"lmJHsv";"#95cbb8"
"lmJHTva.evs";"#95cbb8"
"lmJHv";"#95cbb8"
"lmJHv.evs";"#95cbb8"
"lmJHv.pl";"#95cbb8"
"lmJHva.pl";"#95cbb8"
"lmJHvb";"#95cbb8"
"lmJHvc";"#95cbb8"
"lmJHvf";"#95cbb8"
"lmJHvl";"#95cbb8"
"lmJHvpy";"#95cbb8"
"lmJHvr";"#95cbb8"
"lmJHvs";"#95cbb8"
"lmJL";"#9fc6a3"
"lmJLa";"#95cbb8"
"lmJLaD";"#95cbb8"
"lmJLcg";"#9fc6a3"
"lmJLs";"#95cbb8"
"lmJLva";"#00be78"
"lmJMv";"#2ba600"
"lmJMvb";"#2ba600"
"lmJMvf";"#2ba600"
"lmJs";"#50b47d"
"lmJva";"#95cbb8"
"lmOmd";"#caa7d1"
"lmOsf";"#caa7d1"
"LMPCN";"#d487b5"
"lMPSM";"#c4cccf"
"lMSsl";"#99bdda"
"lmTrlm";"#99bdda"
"lmTrsf";"#ccece1"
"lmTrSvb.m";"#99bdda"
"lMuTrvs";"#99bdda"
"lOC";"#80b5d5"
"lOM";"#80b5d5"
"lOS";"#80b5d5"
"lPAsf";"#b3e3ee"
"lPBS";"#99bdda"
"lPmb";"#d4b8ff"
"lPmc";"#99bdda"
"lPmr";"#d4b8ff"
"lPms";"#d4b8ff"
"lPmv";"#d4b8ff"
"LPnPgb";"#d487b5"
"LPnPLLgb";"#d487b5"
"lPrDms";"#00bdc7"
"lPS";"#99bdda"
"lPSlc";"#99bdda"
"lPSlm";"#99bdda"
"lPSsl";"#99bdda"
"lPSvb";"#99bdda"
"lPSvf";"#99bdda"
"LPTrKd";"#d4b8ff"
"LPTrKt";"#d4b8ff"
"lPzEBF";"#ccd891"
"LPzi";"#d487b5"
"lPzMIgs";"#80b5d5"
"lPzMImc";"#80b5d5"
"lPzMIS";"#80b5d5"
"LPzTrum";"#a800b0"
"lSN";"#e9c7e2"
"LTgd";"#ed080f"
"LTmz";"#ff9126"
"LTrBCqd";"#ff6347"
"LTrBCto";"#ff6347"
"LTrBgb";"#db5700"
"LTrBum";"#ed63fa"
"LTrBus";"#ed63fa"
"LTrCdr";"#dc143c"
"LTrCMdg";"#ff9126"
"LTrCMqm";"#ff9126"
"LTrCto";"#dc143c"
"LTrdi";"#ff9126"
"LTrdqmz";"#db5700"
"LTrdr";"#db5700"
"LTrdsg";"#db5700"
"LTrEJTdq";"#ff4591"
"LTrEJTgd";"#ff4591"
"LTrgb";"#db5700"
"LTrGCBgd";"#ff6347"
"LTrGCSqm";"#ff6347"
"LTrgd";"#db5700"
"LTrGds";"#d4b8ff"
"LTrGMBqd";"#ff6347"
"LTrGMGMto";"#ff6347"
"LTrGMMto";"#ff6347"
"LTrGMMto.tr";"#ff6347"
"LTrHCHdsg";"#db5700"
"LTri";"#db5700"
"LTrJAgb";"#ff9126"
"LTrJAum";"#ed63fa"
"LTrJCqm";"#ff9126"
"LTrJCsy";"#ff9126"
"LTrJCum";"#ed63fa"
"LTrJdr";"#ff9126"
"LTrJgb";"#ff9126"
"LTrJGB";"#ff6347"
"LTrJGBe";"#ff6347"
"LTrJGBo";"#ff6347"
"LTrJgd";"#ff9126"
"LTrJGG";"#ff6347"
"LTrJGH";"#ff6347"
"LTrJGqp";"#ff6347"
"LTrJHgb";"#ff9126"
"LTrJHum";"#ed63fa"
"LTrJIC";"#ff9126"
"LTrJIH";"#ff9126"
"LTrJIP";"#ff9126"
"LTrJIS";"#ff9126"
"LTrJqm";"#ff9126"
"LTrJsy";"#ff9126"
"LTrJTe";"#ff9126"
"LTrJto";"#ff9126"
"LTrJTpg";"#ff9126"
"LTrJTpgd";"#ff4591"
"LTrJTpT";"#ff9126"
"LTrJum";"#ed63fa"
"LTrJV";"#ed63fa"
"LTrJW";"#ed63fa"
"LTrKB";"#ff9126"
"LTrLKTdmz";"#ff8a63"
"LTrMH";"#db5700"
"LTrqd";"#db5700"
"LTrqm";"#db5700"
"LTrSC";"#db5700"
"LTrSdd";"#db5700"
"LTrSdsg.m";"#d4b8ff"
"LTrSe";"#db5700"
"lTrsf";"#ccece1"
"LTrSg";"#d4b8ff"
"LTrSMK";"#db5700"
"LTrSsf";"#3c968c"
"LTrStdg";"#db5700"
"LTrStgb";"#db5700"
"LTrTCdq";"#d4b8ff"
"LTrTdq";"#d4b8ff"
"LTrum";"#ed63fa"
"LTsy";"#ff9126"
"luJHKva";"#95cbb8"
"luJvsm";"#db5700"
"luKQB";"#ebdcbe"
"luKQHa";"#ebdcbe"
"luKSQcg";"#7fc31c"
"luKSsch.cc";"#def197"
"luKSu";"#fff0d1"
"luKSusc";"#fff0d1"
"luKT";"#7ae000"
"luKWcg";"#7fc31c"
"luKWv";"#7fc31c"
"luKWvf";"#7fc31c"
"MBE";"#8fc4d4"
"MCd";"#ebadc4"
"mCmcg";"#e8ae97"
"mCmdo";"#e8ae97"
"mCmlm";"#e8ae97"
"mCmqz";"#e8ae97"
"MDBFogn";"#ffc2bf"
"mDEmb";"#b3b25e"
"mDEms";"#e9c7e2"
"mDEmv";"#c4ffa8"
"mDEq";"#e9c7e2"
"MDEum";"#b3b25e"
"Mdi";"#d487b5"
"mDlm";"#cbbddc"
"mDO";"#cbbddc"
"mDog";"#ffc2bf"
"mDpg";"#b587fa"
"mDqz";"#cbbddc"
"Mdr";"#ebadc4"
"mDs";"#cbbddc"
"mDSD";"#80cec9"
"MDu";"#00bdc7"
"MEBS";"#ccd891"
"MEBvc";"#ccd891"
"MF";"#8091ad"
"Mi";"#ebadc4"
"MiB";"#ffd96e"
"MiCCl";"#ffe880"
"MiCvb";"#ffe880"
"Migd";"#ed080f"
"Migg.tma";"#db5700"
"Migr";"#ed080f"
"MiHoMvbm";"#ffe880"
"MiHoSvb";"#ffe880"
"MiMAvt";"#ffe880"
"MiMLvb";"#ffe880"
"MiMR";"#ffe880"
"MiMRvb";"#ffe880"
"MiPiAv";"#ffe880"
"MiPiAvb";"#ffe880"
"MiPiC";"#ffe880"
"MiPicg";"#ffe880"
"MiPiCO";"#ffe880"
"MiPiCvb";"#ffe880"
"MiPidb";"#ed080f"
"MiPiIALsy";"#d18200"
"MiPiIALvt";"#ffd96e"
"MiPiICCvt";"#ffd96e"
"MiPiIDRvt";"#ffd96e"
"MiPiITMvb";"#ff9126"
"MiPiKgd-gr";"#ed080f"
"MiPiKgd-p";"#ed080f"
"MiPiKqd-gd";"#ed080f"
"MiPiKqmd-p";"#ed080f"
"MiPiqfp";"#ffc2bf"
"MiPiS";"#ffff00"
"MiPiTvk";"#ffe880"
"MiPiva";"#ffc2bf"
"MiPivb";"#ffe880"
"MiPivc";"#ffe880"
"MiPivd";"#ffe880"
"MiPivf";"#ffc2bf"
"MiPlAbm";"#ffd96e"
"MiPlAvf";"#ffd96e"
"MiPlCsc";"#ffe880"
"MiPlCvb";"#ffe880"
"MiPlCvl";"#ffe880"
"MiPlH";"#ffe880"
"MiPlL";"#ffe880"
"Miqd";"#ed080f"
"Miqm";"#ed080f"
"Miv";"#ffff00"
"Miva";"#ffff00"
"Mivb";"#db5700"
"Mivf";"#ffd96e"
"MJA";"#ff8cb5"
"MJBo";"#ff8cb5"
"MJdd";"#ff4591"
"MJFO";"#ff8cb5"
"MJfp";"#ff8cb5"
"MJgd";"#ff8cb5"
"MJgr";"#ff8cb5"
"mJHEvf";"#95cbb8"
"mJHIs";"#95cbb8"
"mJHIsc";"#95cbb8"
"mJHIsf";"#95cbb8"
"mJHIss";"#95cbb8"
"mJHIst";"#95cbb8"
"mJHIva";"#95cbb8"
"mJHIvb";"#95cbb8"
"mJHIvd";"#95cbb8"
"mJHIvr";"#95cbb8"
"mJHMvr";"#95cbb8"
"mJHN";"#95cbb8"
"mJHNlm";"#95cbb8"
"mJHNs";"#95cbb8"
"mJHNv";"#95cbb8"
"mJHNvc";"#95cbb8"
"mJHNvd";"#95cbb8"
"mJHQss";"#95cbb8"
"mJHs";"#95cbb8"
"mJHSms";"#95cbb8"
"mJHSmsc";"#95cbb8"
"mJHSmvc";"#95cbb8"
"mJHSsf";"#95cbb8"
"MJHTdg";"#ff4591"
"MJHTgg";"#ff4591"
"mJHvf";"#ffdfdf"
"mJHvm";"#95cbb8"
"mJHvs";"#95cbb8"
"mJIvb";"#95cbb8"
"mJKB";"#e2d2a0"
"MJKFgr";"#db5700"
"MJKFqp";"#db5700"
"mJKG";"#85b000"
"mJKK";"#85b000"
"MJKrsy";"#ff8cb5"
"mJKsc";"#ccebc5"
"MJKx";"#ff8cb5"
"mJL";"#9fc6a3"
"mJm";"#db5700"
"mJM";"#50b47d"
"MJMc";"#ff8cb5"
"MJNBdg";"#ff4591"
"MJNdb";"#ff4591"
"MJNgd";"#ff8cb5"
"MJNup";"#ff4591"
"MJog";"#ff8cb5"
"MJOgd";"#ff8cb5"
"MJOlsy";"#ff8cb5"
"MJPdr";"#ff8cb5"
"MJPg";"#ff8cb5"
"mJPPm";"#556b2f"
"MJqd";"#ff8cb5"
"MJqm";"#ff8cb5"
"MJqp";"#ff8cb5"
"MJSC";"#ff8cb5"
"MJSe";"#ff8cb5"
"MJSLB";"#ff8a63"
"MJSLC";"#ff8cb5"
"MJSLL";"#ff8cb5"
"MJSLM";"#ff8cb5"
"MJSLqd";"#ff8cb5"
"MJSLSh";"#ff8cb5"
"MJSLSqd";"#ff8cb5"
"MJSLSt";"#ff8cb5"
"MJSLSu";"#ff8cb5"
"MJSLTi";"#ff8cb5"
"MJSLTw";"#ff8cb5"
"MJSm";"#ff8cb5"
"MJSMqm";"#c74000"
"MJSPgd";"#ff4591"
"MJSPqd";"#ff8cb5"
"MJSPsy";"#ff4591"
"MJSPT";"#ff8cb5"
"MJTgd";"#ff8cb5"
"MJTqd";"#ff8cb5"
"MJTSdg";"#ff8cb5"
"MJTSdr";"#ff8cb5"
"MJTSqm";"#ff8cb5"
"MJTSto";"#ff8cb5"
"MJWdg";"#ff8cb5"
"mJY";"#2ba600"
"MKAdg";"#ff611f"
"MKAgb";"#ff611f"
"MKBagr";"#ff611f"
"MKBog";"#e6a6ff"
"MKdi";"#ff611f"
"MKdr";"#ff611f"
"MKEgd";"#ff611f"
"MKEqd";"#ff611f"
"MKgb";"#ff611f"
"mKgd";"#ff611f"
"MKgd";"#ff611f"
"MKGlgd";"#ff611f"
"MKGlqd";"#ff611f"
"MKgr";"#ff611f"
"MKog";"#e6a6ff"
"MKqd";"#db5700"
"MKqm";"#ff611f"
"MKto";"#ff611f"
"MLJBI";"#ff9c94"
"MLJdr";"#ff8cb5"
"MLJG";"#ff8cb5"
"MLJgd";"#ff4591"
"MLJog";"#ff8cb5"
"MLJqd";"#ff8cb5"
"MLJSMgr";"#c74000"
"MLTrdr";"#db5700"
"MLTrP";"#ed63fa"
"MLTrqd";"#db5700"
"MLTrSRdmz";"#db5700"
"MM";"#8091ad"
"MmJBsv";"#caa7d1"
"MmJBum";"#caa7d1"
"MmJBus";"#caa7d1"
"mMPch";"#8091ad"
"MN";"#67b39f"
"mODdo";"#80b5d5"
"mODRl";"#5282ce"
"mODRlc";"#5282ce"
"mODRqz";"#5282ce"
"mODRs";"#5282ce"
"mODRsf";"#5282ce"
"mODRst";"#5282ce"
"mODRv";"#5282ce"
"MP";"#8091ad"
"MPA";"#c4cccf"
"MPB";"#99bdda"
"MPBN";"#99bdda"
"MPch";"#67b39f"
"MPCus";"#a800b0"
"MPKsf";"#9fa6a3"
"MPKv";"#9fa6a3"
"MPKvc";"#9fa6a3"
"MPls";"#b5bf35"
"MPM";"#a800b0"
"MPmd";"#67b39f"
"MPnBFch";"#99bdda"
"MPnBFvb";"#99bdda"
"MPndr";"#d487b5"
"MPNH";"#8091ad"
"MPnLlm";"#99bdda"
"MPnLsf";"#99bdda"
"MPnLsv";"#99bdda"
"MPnLus";"#a800b0"
"MPnLvb";"#99bdda"
"MPNP";"#8091ad"
"MPnSsf";"#99bdda"
"mPrA";"#cfa836"
"mPrC";"#cfa836"
"mPrDM";"#ffb300"
"mPrG";"#cfa836"
"mPrGa";"#cfa836"
"mPrH";"#ffb300"
"mPrHC";"#cfa836"
"mPrlm";"#9c7afc"
"mPrml";"#9c7afc"
"mPrPA";"#ddc288"
"mPrPC";"#ddc288"
"mPrPD";"#ddc288"
"mPrPF";"#ddc288"
"mPrPK";"#ddc288"
"mPrPM";"#ddc288"
"mPrPN";"#ddc288"
"mPrPNS";"#ddc288"
"mPrPV";"#ddc288"
"mPrTdo";"#cfa836"
"mPrTe";"#cfa836"
"mPrTsc";"#cfa836"
"MPSMDsf";"#c4cccf"
"MPSMDv";"#c4cccf"
"MPSMgb";"#d487b5"
"MPSMsf";"#c4cccf"
"MPSsch";"#99bdda"
"MPvb";"#67b39f"
"MR";"#8091ad"
"MRC";"#a800b0"
"MRE";"#8091ad"
"MRP";"#8091ad"
"MS";"#99bdda"
"MSbm";"#99bdda"
"MSlm";"#99bdda"
"MSMDmd";"#c4cccf"
"MSMDvb";"#c4cccf"
"MSMmd";"#c4cccf"
"MSR";"#8091ad"
"MSRch";"#8091ad"
"MSRlm";"#8091ad"
"MSRqz";"#8091ad"
"MSRst";"#8091ad"
"MSRv";"#8091ad"
"MSv";"#99bdda"
"MSvc";"#99bdda"
"Msy";"#ebadc4"
"MTrBMH";"#99bdda"
"mTrCa";"#50b47d"
"MTrCCb";"#99bdda"
"MTrCCdr";"#e68362"
"MTrCCsv";"#9fa6a3"
"MTrCCus";"#99bdda"
"mTrch";"#ccece1"
"MTrCKech";"#9fa6a3"
"MTrCKelm";"#9fa6a3"
"MTrCKesv";"#9fa6a3"
"MTrEJHBCd.m";"#ff4591"
"MTrEJHBCds.m";"#ff4591"
"mTrJCcg";"#9fa6a3"
"mTrJCst";"#9fa6a3"
"mTrJCva";"#9fa6a3"
"mTrJCvf";"#9fa6a3"
"MTrSdr";"#d487b5"
"mTrsf";"#ccece1"
"MTrSgb";"#d487b5"
"MTrSgs";"#99bdda"
"MTrSlm";"#99bdda"
"MTrSmd";"#99bdda"
"mTrSsc";"#3c968c"
"mTrSsf";"#3c968c"
"MTrSsf";"#99bdda"
"MTrSum";"#a800b0"
"MTrSv";"#99bdda"
"MTrSvb";"#99bdda"
"MTrSvf";"#99bdda"
"MTrum";"#ed63fa"
"mTrv";"#ccece1"
"muCmA";"#e8ae97"
"muCmC";"#e8ae97"
"muCmCl";"#e8ae97"
"muCmCm";"#e8ae97"
"muCmCT";"#e8ae97"
"muCmCu";"#e8ae97"
"muCmE";"#e8ae97"
"muCmFE";"#e8ae97"
"muCmJ";"#e8ae97"
"muCmKb";"#e8ae97"
"muCmlm";"#e8ae97"
"muCmLSJ";"#e8ae97"
"muCmMBL";"#e8ae97"
"muCmO";"#e8ae97"
"muCmP";"#e8ae97"
"muCmS";"#e8ae97"
"muCmSI";"#e8ae97"
"muCmSMW";"#e8ae97"
"muCmT";"#e8ae97"
"muDMdo";"#95cbb8"
"muDMlm";"#95cbb8"
"muDSi";"#67b39f"
"muDSiD";"#67b39f"
"muJB/Hsc";"#e2d2a0"
"muJBAcg";"#ebdcbe"
"muJBAsc";"#ebdcbe"
"muJBEss.evm";"#e2d2a0"
"muJBEst.emd";"#e2d2a0"
"muJBF";"#2ba600"
"muJBNva";"#e2d2a0"
"muJBsc";"#e2d2a0"
"muJBsf";"#e2d2a0"
"muJBss";"#e2d2a0"
"muJBst";"#e2d2a0"
"muJBTsf.emsl";"#e2d2a0"
"muJBvd";"#ebdcbe"
"muJHM";"#95cbb8"
"muJHMvpy";"#95cbb8"
"muJHOca";"#2ba600"
"muJHQsf";"#95cbb8"
"muJHs";"#95cbb8"
"muJRMTPs";"#ccebc5"
"muJvb";"#2ba600"
"muTrCVvb";"#008000"
"muTrN";"#b3b25e"
"muTrNbp1";"#3c968c"
"muTrNbpv";"#3c968c"
"muTrNcg";"#3c968c"
"muTrNlc";"#3c968c"
"muTrNsf";"#3c968c"
"muTrNvs";"#3c968c"
"muTrTlm";"#3c968c"
"muTrTsf";"#3c968c"
"muTrTvb";"#3c968c"
"muTrVD";"#78d2ff"
"muTrVDvb";"#78d2ff"
"muTrVs";"#78d2ff"
"muTrVsv";"#78d2ff"
"Mzfp";"#db5700"
"Mzgr";"#db5700"
"Mzm";"#e6a6ff"
"Mzpe";"#db5700"
"Mzqm";"#db5700"
"MzS";"#e6a6ff"
"OA";"#80b5d5"
"ODa";"#e9c7e2"
"ODcg";"#d9307a"
"ODdo";"#80cec9"
"ODEc";"#80b5d5"
"ODex";"#d9307a"
"ODls";"#d9307a"
"ODmb";"#d9307a"
"ODmc";"#d9307a"
"ODmf";"#d9307a"
"ODms";"#d9307a"
"ODmsf";"#d9307a"
"ODmv";"#95cbb8"
"Odo";"#80b5d5"
"ODR";"#5282ce"
"ODS";"#99bdda"
"ODSM";"#99bdda"
"ODss";"#d9307a"
"ODt";"#95cbb8"
"Ogb";"#d9307a"
"OlL";"#ed63fa"
"OlMiCo";"#ffff00"
"OlMigd";"#ffc2bf"
"OlP";"#ffb300"
"OlPiAcg";"#feebac"
"OlPicg";"#feebac"
"OlPiM";"#fdcc8a"
"OlPiMv";"#ffe880"
"OlPiMvb";"#fdcc8a"
"OlPiMvf";"#fdcc8a"
"OlPiS";"#feebac"
"OlTg";"#ffc2bf"
"OlTgr";"#ffc2bf"
"OlTqp";"#ffc2bf"
"OMEqz";"#999791"
"OMEsf";"#999791"
"OMIL";"#d9307a"
"OMRE";"#5282ce"
"Oqz";"#80b5d5"
"OR";"#5282ce"
"ORl";"#5282ce"
"OSB";"#80b5d5"
"OSBW";"#80b5d5"
"OSk";"#80b5d5"
"OSlm";"#caa7d1"
"OSmd";"#caa7d1"
"OSR";"#5282ce"
"OSst";"#caa7d1"
"OSvb";"#caa7d1"
"Ot";"#d9307a"
"Otr";"#d9307a"
"OTrA";"#95cbb8"
"OTrgs";"#caa7d1"
"OW";"#80b5d5"
"PA";"#b3e3ee"
"PAls";"#b3e3ee"
"PBELgb";"#d55ece"
"PBELum";"#da70f4"
"PBELvb";"#ca85c8"
"PBEus";"#a800b0"
"PBRog";"#d4b8ff"
"PC";"#67b39f"
"PCFv";"#9fa6a3"
"PCFvb";"#9fa6a3"
"PCFvc";"#9fa6a3"
"Pcg";"#b5bf35"
"PCgs";"#80cec9"
"Pch";"#67b39f"
"PCh";"#a800b0"
"Pcs";"#b5bf35"
"PCSvb";"#9fa6a3"
"PCTe";"#9fa6a3"
"PCus";"#a800b0"
"PeEAcg";"#eb9301"
"PeEAlm";"#eb9301"
"PeEAs";"#eb9301"
"PeEAsf";"#eb9301"
"PeEAst";"#eb9301"
"PeEC";"#ffc2bf"
"PeECh";"#d18200"
"PeEF";"#ffb300"
"PeEfp";"#ffc2bf"
"PeEgd";"#ffc2bf"
"PeEgr";"#ffc2bf"
"PeEHdqmz";"#ff9c94"
"PeEMHgb";"#ffc2bf"
"PeEMMvb";"#ffb300"
"PeEMSDdb";"#ffc2bf"
"PeEMSgb";"#ffc2bf"
"PeEqm";"#ffc2bf"
"PeEs";"#d18200"
"PeEShgr";"#ffc2bf"
"PeEShmi";"#ffc2bf"
"PeEShqd";"#ffc2bf"
"PeEShqp";"#ffc2bf"
"PeESTgr";"#ffc2bf"
"PeEsy";"#ffc2bf"
"PeEvf";"#eaad43"
"Pefp";"#ffc2bf"
"PeFPcg";"#7ae000"
"Pegd";"#ffc2bf"
"PeNgmz";"#db5700"
"PePiBMgg.tp";"#b3df7f"
"Peqm";"#ffc2bf"
"PeR";"#fff0d1"
"PeTgd";"#ffc2bf"
"Pevb";"#eaad43"
"Pevd";"#eaad43"
"Pgb";"#d4b8ff"
"Pgg";"#ff9c94"
"PgNg";"#db5700"
"PgNgg";"#db5700"
"PgOlEPgg.tp";"#ff9c94"
"PgQvb";"#db5700"
"Pgss";"#db5700"
"Pguhb";"#ff9c94"
"Pi";"#ffc2bf"
"PiHoGv";"#ffe880"
"PiHoGvb";"#ffe880"
"PiMN";"#ffe880"
"PiMNvb";"#ffe880"
"PiMS";"#ffe880"
"PiMSvt";"#ffe880"
"PiMvb";"#fdcc8a"
"PiMvb.tt";"#fdcc8a"
"PiPlITvb";"#feebac"
"PiPlITvt";"#feebac"
"PiPlsv";"#ffe880"
"Pivb";"#db5700"
"Pivk";"#db5700"
"PJCS";"#9fa6a3"
"PJdr";"#d4b8ff"
"PJHs";"#00dbcc"
"PJHvb";"#00dbcc"
"PJog";"#d4b8ff"
"PJSdr";"#d4b8ff"
"PJSgs";"#00dbcc"
"PJSto";"#d4b8ff"
"PJum";"#a800b0"
"PJV";"#dbccf7"
"PJVml";"#dbccf7"
"PJVms";"#dbccf7"
"PL";"#99bdda"
"PlAvb";"#ffff00"
"PlHoMAvb";"#ffe880"
"PlHoMEvt";"#ffe880"
"PlHoMIvb";"#ffe880"
"PlHoMKv";"#ffe880"
"PlHoMKvt";"#ffe880"
"PlHoMPv";"#ffe880"
"PlHoMPvt";"#ffe880"
"PlHovb";"#db5700"
"Pls";"#f2d49c"
"PlTrTCs";"#50b47d"
"Plvb";"#db5700"
"Plvb.fv";"#db5700"
"PlWGvb";"#ffff00"
"Pma";"#99bdda"
"Pmy";"#db5700"
"Pnch";"#c4cccf"
"PNgqp";"#d4b8ff"
"PnJCgs";"#9fa6a3"
"PnlJCCch";"#9fa6a3"
"PnlJCClm";"#9fa6a3"
"PnlJCCsv";"#9fa6a3"
"PnlJCCum";"#b475ec"
"PnlJCCvb";"#8fbc8b"
"Pnlm";"#67b39f"
"PnPBM";"#99bdda"
"PnPC";"#689fca"
"PnPgb";"#d487b5"
"PnPL";"#99bdda"
"PnPlm";"#67b39f"
"PnPml";"#b587fa"
"PnPog";"#d487b5"
"PnPR";"#b3e3ee"
"PnPSC";"#689fca"
"PnPSDch";"#c4cccf"
"PnPSDlm";"#c4cccf"
"PnPSDsv";"#c4cccf"
"PnPSDvb";"#c4cccf"
"PnPsv";"#99bdda"
"PnPvb";"#67b39f"
"PnScg";"#99bdda"
"PnSdo";"#99bdda"
"PnSlm";"#99bdda"
"PnSNa";"#99bdda"
"PnSsf";"#99bdda"
"PnSsv";"#99bdda"
"PnSv";"#99bdda"
"PnSvc";"#99bdda"
"PnTrCbs";"#9fa6a3"
"PnTrCC";"#9fa6a3"
"PnTrClm";"#9fa6a3"
"PnTrCmd";"#9fa6a3"
"PnTrCP";"#9fa6a3"
"PnTrCPma";"#9fa6a3"
"PnTrCPvb";"#9fa6a3"
"PnTrCS";"#9fa6a3"
"PnTrCSs";"#9fa6a3"
"PnTrCSvb";"#9fa6a3"
"PnTrCTum";"#a800b0"
"PnTrCTus";"#a800b0"
"PnTrCvb";"#9fa6a3"
"Pqss";"#99bdda"
"PrDRmy";"#9c7afc"
"PrDRs";"#00bdc7"
"PrDRv";"#1c9e4d"
"PrG";"#9c7afc"
"PrPzlm";"#ab7d00"
"PrPzm";"#dbccf7"
"PrPzMm";"#dbccf7"
"PrPzMmc";"#dbccf7"
"PrPzMpg";"#dbccf7"
"PrPzMqz";"#dbccf7"
"PrPzms_mv";"#ffdeed"
"PrPzpg";"#dbccf7"
"PrPzs";"#ab7d00"
"PrPzShlm";"#80b5d5"
"PrPzShm";"#ffdeed"
"PrPzShqz";"#80b5d5"
"PrPzY";"#ffdeed"
"Ps";"#99bdda"
"PSB";"#f2d49c"
"PSch";"#99bdda"
"PSHHum";"#a800b0"
"PSHSM";"#b05fd8"
"PSHSMgb";"#c71585"
"PSHSMum";"#9400d3"
"PSL";"#f2d49c"
"PSlm";"#99bdda"
"PSMBdb";"#d4b8ff"
"PSMBgb";"#d4b8ff"
"PSMBus";"#a800b0"
"PSMUec";"#a800b0"
"PSMUgb";"#d4b8ff"
"PSsf";"#99bdda"
"PSsl";"#99bdda"
"PSvb";"#99bdda"
"PSvs";"#99bdda"
"PTrCch";"#9fa6a3"
"PTrCCMClm";"#9fa6a3"
"PTrClm";"#9fa6a3"
"PTrCRdb";"#d4b8ff"
"PTrCRgb";"#d4b8ff"
"PTrCRgs";"#d4b8ff"
"PTrCRto";"#d4b8ff"
"PTrCSgs";"#9fa6a3"
"PTrCSlm";"#9fa6a3"
"PTrCsv";"#9fa6a3"
"PTrCSvb";"#9fa6a3"
"PTrCTum";"#a800b0"
"PTrCTus";"#a800b0"
"PTrCum";"#a800b0"
"PTrCvb";"#9fa6a3"
"PTrE";"#99bdda"
"PTrgs";"#b3b25e"
"PTrMdr";"#dc143c"
"PTrMgd";"#dc143c"
"PTrMml";"#dc143c"
"PTrs";"#b3b25e"
"PTrS";"#95cbb8"
"PTrSSsch.cc";"#3c968c"
"PTrSvm.am";"#dbccf7"
"PTrva";"#67b39f"
"PTrVVbm";"#556b2f"
"PTrWto";"#dc143c"
"Pum";"#95cbb8"
"PV";"#b587fa"
"Pvf";"#689fca"
"Pvs";"#c4cccf"
"Pvs_alt";"#99bdda"
"PzDl";"#00bdc7"
"PzDum";"#a800b0"
"Pzgm";"#db5700"
"Pzgr";"#d9307a"
"Pzgs";"#dbccf7"
"PzJWg";"#ff8cb5"
"PzJWm";"#ff8cb5"
"PzJWml";"#dbccf7"
"PzKsf";"#b3e3ee"
"PzKst";"#b3e3ee"
"PzKvb";"#1c9e4d"
"Pzlm";"#dbccf7"
"PzMzAgs";"#f060b3"
"PzMzAog";"#f060b3"
"PzMzcg";"#67b39f"
"PzMzCS";"#cbbddc"
"PzMzdr";"#ffdeed"
"PzMzgb";"#ffdeed"
"PzMzGm";"#cbbddc"
"PzMzgs";"#dbccf7"
"PzMzlm";"#67b39f"
"PzMzm";"#dbccf7"
"PzMzma";"#e6a6ff"
"PzMzms";"#ffdeed"
"PzMzog";"#ffdeed"
"PzMzpg";"#dbccf7"
"PzMzst";"#caa7d1"
"PzMzum";"#a800b0"
"PzMzvb";"#caa7d1"
"PzNgCGms";"#e6a6ff"
"PzNgum";"#ffdeed"
"Pzog";"#d9307a"
"Pzs";"#80b5d5"
"PzS";"#dcabaa"
"PzSB";"#dcabaa"
"PzSGP";"#dcabaa"
"PzSgs";"#dcabaa"
"PzSHM";"#dcabaa"
"PzSHMls";"#dcabaa"
"PzSHR";"#dcabaa"
"PzSHRv";"#dcabaa"
"PzSIM";"#dcabaa"
"PzTCmc";"#e6a6ff"
"PzTCml";"#e6a6ff"
"PzTCmm";"#e6a6ff"
"PzTCog";"#e6a6ff"
"PzTog";"#e6a6ff"
"PzTrch";"#99d8d8"
"PzTrsf";"#99d8d8"
"PzTrsv";"#99d8d8"
"Pzvsm";"#db5700"
"Q";"#db5700"
"QLc";"#ffff00"
"QLi";"#ffff00"
"QM";"#ffe880"
"QMI";"#ffe880"
"QMKl";"#ffe880"
"QMPy";"#ffe880"
"Qs";"#ffff00"
"QT";"#ffff00"
"Qv";"#ffd96e"
"Qvb";"#ffff00"
"Qvk";"#ffff00"
"SDD";"#e9c7e2"
"SDEmp";"#e9c7e2"
"SDlm";"#80b5d5"
"SDls";"#80b5d5"
"SDM";"#e9c7e2"
"SDMSD";"#e9c7e2"
"SDNMW";"#e9c7e2"
"SDOCmp";"#d9307a"
"SDP";"#e9c7e2"
"SDRa";"#99bdda"
"SDRu";"#5282ce"
"SDS";"#80b5d5"
"SDSRch";"#8091ad"
"SDSRlc";"#8091ad"
"SDSRM";"#99bdda"
"SDSRqz";"#8091ad"
"SDSRsc";"#8091ad"
"SDSRsf";"#8091ad"
"SDTlm";"#80b5d5"
"SDTqz";"#80b5d5"
"SDTs";"#80b5d5"
"SDW";"#80b5d5"
"Slc";"#80b5d5"
"SMEmp";"#e9c7e2"
"SNgs";"#e9c7e2"
"SNlm";"#e9c7e2"
"SNqz";"#e9c7e2"
"SPcg";"#80b5d5"
"SPch";"#80b5d5"
"SPlc";"#80b5d5"
"SPlm";"#80b5d5"
"SPls";"#80b5d5"
"SPmd";"#80b5d5"
"SPs";"#80b5d5"
"SPst";"#80b5d5"
"SPva";"#80b5d5"
"SPvb";"#80b5d5"
"Ssy";"#d9307a"
"Svk";"#99bdda"
"TB";"#ffb300"
"Tfp";"#ffc2bf"
"Tg";"#ffc2bf"
"Tgd";"#ffc2bf"
"Tgr";"#ffc2bf"
"TJsy";"#ff9126"
"TK";"#d18200"
"Tmc";"#95cbb8"
"Tqm";"#ffc2bf"
"Tqp";"#ffc2bf"
"TrA";"#95cbb8"
"TrB";"#94ffb0"
"TrBP";"#78d2ff"
"Trcg";"#00dbcc"
"TrCSva";"#9fa6a3"
"TrCW";"#9fa6a3"
"Trg";"#db5700"
"TrG";"#94ffb0"
"Trgb";"#db5700"
"TrI";"#95cbb8"
"TrJB";"#ff9126"
"TrJBap";"#64f0b4"
"TrJBdb";"#64f0b4"
"TrJdr";"#ff9126"
"TrJdr-sy";"#ff9126"
"TrJg";"#ff9126"
"TrJgs";"#db5700"
"TrJH";"#95cbb8"
"TrJH/Sst";"#95cbb8"
"TrJi";"#ff9126"
"TrJJ";"#ff4591"
"TrJN";"#3c968c"
"TrJNO";"#3c968c"
"TrJNRs";"#95cbb8"
"TrJqm";"#ff9126"
"TrJsy";"#ff9126"
"TrJTABCgd";"#ff8a63"
"TrJTABLgb";"#ff9126"
"TrJTgs";"#dbccf7"
"TrJTpg";"#dbccf7"
"TrJTvb";"#3c968c"
"TrJTvf";"#3c968c"
"TrJY";"#ccebc5"
"TrKgr";"#ff9126"
"TrKim";"#e6a6ff"
"TrKP";"#7fad51"
"TrKPv";"#1c9e4d"
"TrKsf";"#9fa6a3"
"TrL";"#94ffb0"
"Trlc";"#ebfac5"
"TrLCs";"#94ffb0"
"Trlm";"#94ffb0"
"TrLu";"#78d2ff"
"Trms_mv";"#db5700"
"Trog";"#db5700"
"TrP";"#78d2ff"
"TrPig";"#db5700"
"TrPiTCdd";"#ff8a63"
"TrRls";"#9fa6a3"
"Trs";"#94ffb0"
"TrS/Tsf";"#3c968c"
"TrS/Tv";"#8fbc8b"
"TrSlc";"#78d2ff"
"TrSLlc";"#78d2ff"
"TrSLsf";"#78d2ff"
"TrSP";"#00be78"
"TrSRlm";"#78d2ff"
"TrSRS";"#94ffb0"
"TrSRsf";"#94ffb0"
"TrSRW";"#78d2ff"
"TrSSsf";"#3c968c"
"TrTd";"#94ffb0"
"TrTdr";"#ff9126"
"TrTg";"#db5700"
"TrTgd";"#ff9126"
"TrTGlc";"#78d2ff"
"TrTqd";"#ff9126"
"Trvtb";"#db5700"
"uCmK";"#d4bfcc"
"uCmLy";"#80b5d5"
"uCmOK";"#d4bfcc"
"uCmOKR";"#d4bfcc"
"uCMOsf";"#caa7d1"
"uCmOvb";"#d4bfcc"
"uDB";"#8fc4d4"
"uDFl";"#cbbddc"
"uDM";"#cbbddc"
"uDPa";"#cbbddc"
"uDPe";"#cbbddc"
"uDSiM";"#67b39f"
"uDSiN";"#67b39f"
"uDuMBS";"#80b5d5"
"uDuMBScg";"#80b5d5"
"uDuMBSch";"#80b5d5"
"uDuMBSlm";"#80b5d5"
"uDuMBSqz";"#80b5d5"
"uDuMBSs";"#80b5d5"
"uDuMBSsc";"#80b5d5"
"uDuMBSst";"#80b5d5"
"uDuMBSva";"#80b5d5"
"uDuMBSvb";"#80b5d5"
"uDuMBSvd";"#80b5d5"
"uEB";"#eaad43"
"UJB";"#ebdcbe"
"uJBAm";"#ebdcbe"
"uJBAmcg";"#ebdcbe"
"uJBAmsc";"#ebdcbe"
"uJBi";"#50b47d"
"uJBvd";"#2ba600"
"uJKDst";"#85b000"
"uJKDvb";"#85b000"
"uJKe";"#50b47d"
"uJKM";"#ccebc5"
"uJKMB";"#ccebc5"
"uJKMG";"#ccebc5"
"uJKMM";"#ccebc5"
"uJKMu";"#ccebc5"
"uJKW";"#7fc31c"
"uJlKB/Ss";"#ebdcbe"
"uJlKBCRsf.emsh";"#ebdcbe"
"uJlKBGGss.emd";"#ebdcbe"
"uJlKBJCsf.enm";"#ebdcbe"
"uJlKBMCss.emsh";"#ebdcbe"
"uJlKBs";"#ebdcbe"
"uJlKBSsf.emd";"#ebdcbe"
"uJTh";"#ccebc5"
"uKA";"#def197"
"uKD";"#fff0d1"
"uKESu";"#fff0d1"
"uKESuT";"#fff7e6"
"uKEvf";"#db5700"
"uKEWmc";"#e6a6ff"
"uKEWpg";"#e6a6ff"
"uKK";"#b3df7f"
"uKKo";"#ebfac5"
"uKKsc";"#def197"
"uKKva";"#b3df7f"
"uKN";"#f0ead7"
"uKNHv";"#95cbb8"
"uKNs";"#f0ead7"
"uKNSs";"#f0ead7"
"uKPCcg";"#e8f9ae"
"uKPCv";"#e8f9ae"
"uKPCvl";"#e8f9ae"
"uKQBcg";"#f0ead7"
"uKQBsn";"#f0ead7"
"uKQG";"#f0ead7"
"uKQHo";"#f0ead7"
"uKQs";"#f0ead7"
"uKQS";"#f0ead7"
"uKQsf";"#f0ead7"
"uKQT";"#f0ead7"
"uKs";"#def197"
"uKSmCa";"#fff7e6"
"uKSmK";"#ebfac5"
"uKSmL";"#ebfac5"
"uKSmMa";"#fff7e6"
"uKSmMu";"#ebfac5"
"uKSmP";"#ebfac5"
"uKSRvb.tfa";"#def197"
"uKSu";"#fff0d1"
"uKTS";"#fff0d1"
"uKTU";"#fff0d1"
"uKva";"#def197"
"uKvf";"#def197"
"uKWa";"#fff0d1"
"uMPCec";"#a800b0"
"uMPCH";"#9fa6a3"
"uMPCN";"#9fa6a3"
"uMPCum";"#a800b0"
"uMPM";"#99bdda"
"unknown";"#dcdcdc"
"uPJC";"#9fa6a3"
"uPJCKI";"#9fa6a3"
"uPlm";"#67b39f"
"uPma";"#f2d49c"
"uPmc";"#b5bf35"
"uPmTrVVgd";"#dc143c"
"uPrCC";"#a07c78"
"uPrCI";"#a07c78"
"uPrCIC";"#a07c78"
"uPrCmCM";"#a07c78"
"uPrCmCr";"#f2d49c"
"uPrCmCY";"#a07c78"
"uPrCmCYM";"#a07c78"
"uPrCmCYMD";"#a07c78"
"uPrCmE";"#f2d49c"
"uPrCmEBG";"#ccd891"
"uPrCmEBpg";"#ccd891"
"uPrCmEC";"#f2d49c"
"uPrCmGJ";"#ab7d00"
"uPrCmGM";"#ab7d00"
"uPrCmH";"#f2d49c"
"uPrCmISB";"#caa595"
"uPrCmMA";"#ab7d00"
"uPrCmMC";"#caa595"
"uPrCmMqz";"#b28653"
"uPrCmMsf";"#b28653"
"uPrCmmy";"#9c7afc"
"uPrCmN";"#cfa836"
"uPrCmTA";"#a07c78"
"uPrCYa";"#a07c78"
"uPrD";"#caa595"
"uPrHL";"#caa595"
"uPrHlm";"#caa595"
"uPrHm";"#caa595"
"uPrHM";"#caa595"
"uPrHqz";"#caa595"
"uPrHS";"#caa595"
"uPrHsc";"#caa595"
"uPrHsf";"#caa595"
"uPrHy";"#f2d49c"
"uPrI";"#caa595"
"uPrIE";"#caa595"
"uPrIlm";"#caa595"
"uPrImd";"#caa595"
"uPrImm";"#caa595"
"uPrIpg";"#caa595"
"uPrIqz";"#caa595"
"uPrIS";"#caa595"
"uPrIsf";"#caa595"
"uPrISTmm";"#caa595"
"uPrISTsf";"#caa595"
"uPrISwqz";"#caa595"
"uPrISwst";"#caa595"
"uPrIT";"#caa595"
"uPrK";"#caa595"
"uPrKL";"#caa595"
"uPrKLlm";"#caa595"
"uPrKLsf";"#caa595"
"uPrKM";"#caa595"
"uPrKs";"#caa595"
"uPrKU";"#caa595"
"uPrM";"#b28653"
"uPrMcg";"#b28653"
"uPrMCm";"#caa595"
"uPrMCsc";"#caa595"
"uPrMCsf";"#caa595"
"uPrMgs";"#b28653"
"uPrMiB";"#cba46c"
"uPrMiL";"#cba46c"
"uPrMim";"#cba46c"
"uPrMiM";"#cba46c"
"uPrMiml";"#cba46c"
"uPrMiMm";"#cba46c"
"uPrMiMum";"#cba46c"
"uPrMiO";"#cba46c"
"uPrMiU";"#cba46c"
"uPrMlm";"#b28653"
"uPrMMi";"#b28653"
"uPrMsc";"#cba46c"
"uPrMsf";"#b28653"
"uPrpg";"#9c7afc"
"uPrPzB";"#ab7d00"
"uPrPzEB";"#ccd891"
"uPrPzEBGms";"#ccd891"
"uPrPzEBlm";"#ccd891"
"uPrPzMISC";"#80b5d5"
"uPrPzS";"#dcabaa"
"uPrPzSD";"#dcabaa"
"uPrPzSDlm";"#dcabaa"
"uPrPzSDv";"#dcabaa"
"uPrPzSK";"#dcabaa"
"uPrPzSKK";"#dcabaa"
"uPrPzSKls";"#dcabaa"
"uPrPzSKv";"#dcabaa"
"uPrPzSms";"#dcabaa"
"uPrPzSR";"#dcabaa"
"uPrPzST";"#dcabaa"
"uPrPzSTM";"#dcabaa"
"uPrqz";"#dcabaa"
"uPrW";"#cba46c"
"uPrWI";"#cba46c"
"uPrWM";"#cba46c"
"uPrWT";"#cba46c"
"uPrWTMI";"#cba46c"
"uPrWTS";"#cba46c"
"uPS";"#99bdda"
"uPTrK";"#67b39f"
"uPTrKbm";"#67b39f"
"uPTrKm";"#00dbcc"
"uPTrKst";"#99bdda"
"uPTrKv";"#67b39f"
"uPTrKvb";"#67b39f"
"uPTrKvc";"#67b39f"
"uPTrKvf";"#67b39f"
"uPWbm";"#556b2f"
"uPzB";"#a800b0"
"uPzC";"#a800b0"
"uPzd";"#d487b5"
"uPzJGgs";"#cbbddc"
"uPzJGmy";"#cbbddc"
"uPzsc";"#00bdc7"
"uPzW";"#d487b5"
"uTKb";"#50b47d"
"uTrBP";"#95cbb8"
"uTrBPlc";"#95cbb8"
"uTrBPvb.fx";"#64f0b4"
"uTrBPvb.px";"#64f0b4"
"uTrBPvb.vcx";"#64f0b4"
"uTrBPvf";"#64f0b4"
"uTrBPvi.vc";"#64f0b4"
"uTrBPvi.vca";"#64f0b4"
"uTrBPvi.vcx";"#64f0b4"
"uTrBPvm.vc";"#64f0b4"
"uTrBPvs";"#64f0b4"
"uTrCgs";"#ccece1"
"uTrChev";"#99d7be"
"uTrChlm";"#99d7be"
"uTrCHlm";"#78d2ff"
"uTrCHsc";"#78d2ff"
"uTrCL";"#94ffb0"
"uTrCsv";"#78d2ff"
"uTrCv";"#ccece1"
"uTrHJsf";"#95cbb8"
"uTrHJst";"#95cbb8"
"uTrHJsw";"#95cbb8"
"uTrHKsl";"#95cbb8"
"uTrHKsw";"#95cbb8"
"uTrHTcg";"#95cbb8"
"uTrHTvf";"#95cbb8"
"uTrJcg";"#ccece1"
"uTrJCR";"#e6a6ff"
"uTrJCu";"#ccece1"
"uTrJK";"#ccece1"
"uTrJKP";"#ccece1"
"uTrJKS";"#ccece1"
"uTrJM";"#99d7be"
"uTrJN";"#3c968c"
"uTrJs";"#b3b25e"
"uTrJSlm";"#00dbcc"
"uTrJss";"#b5bf35"
"uTrJSs";"#00dbcc"
"uTrJsv";"#db5700"
"uTrJT";"#3c968c"
"uTrJTcg";"#3c968c"
"uTrJTst";"#3c968c"
"uTrJTz";"#3c968c"
"uTrJTzlm";"#b3b25e"
"uTrJv";"#ccece1"
"uTrJvk";"#ccece1"
"uTrKSa";"#ccece1"
"uTrlJB";"#64f0b4"
"uTrlJBBcg";"#95cbb8"
"uTrlJBPvs";"#64f0b4"
"uTrlJBv";"#64f0b4"
"uTrlJBvb.ap";"#64f0b4"
"uTrlJBvf";"#64f0b4"
"uTrlJBvf.vc";"#64f0b4"
"uTrlJBvs";"#64f0b4"
"uTrlJBYlc";"#95cbb8"
"uTrlJH/Sv";"#95cbb8"
"uTrlJHTs";"#95cbb8"
"uTrlJHTsn";"#95cbb8"
"uTrlJHTva";"#95cbb8"
"uTrlJHTva.x";"#95cbb8"
"uTrlJHTvf";"#95cbb8"
"uTrlJSs";"#3c968c"
"uTrlJst";"#db5700"
"uTrlJSv";"#3c968c"
"uTrlm";"#ccece1"
"uTrMMvm";"#50b47d"
"uTrMOvc";"#ccece1"
"uTrN";"#3c968c"
"uTrNab";"#3c968c"
"uTrNC";"#3c968c"
"uTrNE";"#3c968c"
"uTrNk";"#50b47d"
"uTrNlm";"#3c968c"
"uTrNls";"#3c968c"
"uTrNml";"#3c968c"
"uTrNpb";"#3c968c"
"uTrNppbb";"#3c968c"
"uTrNsc";"#3c968c"
"uTrNsf";"#3c968c"
"uTrNsv";"#3c968c"
"uTrNsvb";"#3c968c"
"uTrNsvc";"#3c968c"
"uTrNsvpb";"#3c968c"
"uTrNva";"#3c968c"
"uTrNvb";"#3c968c"
"uTrNvb.f";"#3c968c"
"uTrNvb.ph";"#3c968c"
"uTrNvf";"#3c968c"
"uTrNW";"#3c968c"
"uTrSca";"#3c968c"
"uTrScg";"#3c968c"
"uTrSgs";"#dbccf7"
"uTrSlm";"#3c968c"
"uTrSls";"#00dbcc"
"uTrSlsf";"#78d2ff"
"uTrSMD";"#c4cccf"
"uTrSs";"#3c968c"
"uTrSsc";"#3c968c"
"uTrSsch";"#3c968c"
"uTrSsf";"#3c968c"
"uTrSshm";"#3c968c"
"uTrSsl";"#3c968c"
"uTrSsm";"#3c968c"
"uTrSss";"#3c968c"
"uTrSst";"#3c968c"
"uTrSsv";"#3c968c"
"uTrSsw";"#3c968c"
"uTrsv";"#ccece1"
"uTrSv";"#3c968c"
"uTrSva";"#3c968c"
"uTrSvb";"#3c968c"
"uTrSvc";"#3c968c"
"uTrSvd";"#3c968c"
"uTrSvf";"#3c968c"
"uTrSvr";"#3c968c"
"uTrSvs";"#3c968c"
"uTrTa";"#1c9e4d"
"uTrTaca";"#1c9e4d"
"uTrTals";"#1c9e4d"
"uTrTalv";"#1c9e4d"
"uTrTaml";"#1c9e4d"
"uTrTamv";"#1c9e4d"
"uTrTauv";"#1c9e4d"
"uTrTca";"#3c968c"
"uTrTD";"#3c968c"
"uTrTDss.pt";"#3c968c"
"uTrTI";"#3c968c"
"uTrTlm";"#3c968c"
"uTrTls";"#3c968c"
"uTrTM";"#3c968c"
"uTrTmd";"#3c968c"
"uTrTMva";"#3c968c"
"uTrTN";"#3c968c"
"uTrTSa";"#3c968c"
"uTrTsc";"#ccece1"
"uTrTsf";"#3c968c"
"uTrTSh";"#3c968c"
"uTrTSm";"#3c968c"
"uTrTSvb";"#3c968c"
"uTrTv";"#3c968c"
"uTrTva";"#3c968c"
"uTrTvb";"#3c968c"
"uTrTvc";"#3c968c"
"uTrTvl";"#3c968c"
"uTrTW";"#3c968c"
"uTrTWppbb";"#3c968c"
"uTrv";"#b5bf35"
"uTrVKFls";"#ccece1"
"uTrVKFvb.f";"#50b47d"
"uTrVKFvb.fx";"#50b47d"
"uTrVKFvb.h";"#50b47d"
"uTrVKFvb.hx";"#50b47d"
"uTrVKFvb.p";"#50b47d"
"uTrVKFvb.px";"#50b47d"
"uTrVKHvb.f";"#50b47d"
"uTrVKHvb.h";"#50b47d"
"uTrVKHvb.p";"#50b47d"
"uTrVKPvb.h";"#50b47d"
"uTrVKPvb.p";"#50b47d"
"uTrVKQ";"#50b47d"
"uTrVKvb";"#50b47d"
"uTrVP";"#78d2ff"
"uTrVQ";"#78d2ff"
"uTrVQBPs";"#ccece1"
"uTrVQls";"#ccece1"
"uTrWva";"#50b47d"
"uTrWvc";"#50b47d"
"waterbody";"#ffffff"
